Tweet ID,Text,Location
1654499204243374082,"Hola #Crunchyroll con motivo del cumple de #Gon de #HunterXHunter y #luffy #ONEPIECE el 5 de Mayo, el 9 de Mayo el #gokuday de #dragonball  Â¿podrian un dÃ­a hacer un especial y Stream de esos personajes que nos gustanğŸ˜ŠğŸ§¡ @sekkyoku @HazuStark @ serÃ­a muy chido y guay saludosğŸ‘ğŸ˜ŠğŸ‘Œ https://t.co/z0GZDvzYPd",Argentina
1652705147850555392,"Me enseÃ±Ã³ que la confianza es lo mÃ¡s heavy que hay, Â¿moviste peri y fue guay? Mejor no cantes como mary j blige. IncreÃ­ble @DanoZiontifik te amo hdp",Argentina
1650141627627831298,Guay tiene el efecto Navarro... Lo de jugar a la maÃ±ana no le sienta.... Hasta ahora 1 bien y 5 mal,Argentina
1649940473023283202,@ginlagatita Obvioooooo!!  Las mÃ¡s guay bella y con ojazos  del unviersoğŸ¥°ğŸ˜ğŸ¥°ğŸ˜ğŸ˜ y ahhhjjj abogatağŸ¤—ğŸ¤—ğŸ¤—ğŸ¤— https://t.co/fGSBs4UtgJ,Argentina
1651406771834048515,"Pichetto lleva la misma receta que De la Torre con eso del trumpismo cutre, pero Miguel en PBA lo apoya a Santilli. ğŸ˜µâ€ğŸ’«",Argentina
1656321792108052482,"@maartinveliz @RataBets Ala chaval, tu si que sabes",Argentina
1654832387564400645,"Gerardo Gandini. 
Y a pesar de la adolescencia dorada del chaval, ya tiene edad suficiente para escucharlo y disfrutarlo.
Suelten. https://t.co/O5Q6qFjbyw",Argentina
1654199817449492494,@francisco_rp22 El chaval cafetero era hora que se ponga a punto fÃ­sicamente. Pero san lucas no puede salir,Argentina
1652553894549913600,"@elpardua Fui a la tornopleteria, y habÃ­a cerrado!
Por suerte ahÃ­ nomÃ¡s me tropecÃ© con un carnisolÃ­n de taburete que alguien habÃ­a botado en la acera. Â¡Enhorabuena chaval! Me dije, y lo he adaptado con un poco de fuerza centrÃ­peta. Casi es un tornoplete.",Argentina
1652240254412238849,Claro que si Chaval âšªï¸ğŸ”´âšªï¸ https://t.co/UbR3XJIg2K,Argentina
1650140438274142208,Muy mamÃ¡ venÃ­ a jugar un partido en el Norte ğŸ‡¦ğŸ‡· y te morÃ­s chaval jajaja ğŸ˜‚ğŸ˜‚ğŸ˜‚ https://t.co/oFrvxrwlwu,Argentina
1646973284133527559,"ğŸŒHOY PAJA GRUPAL CON CAMARA ABIERTA PARA EL QUE QUIERAğŸŒ
-
21:00hsğŸ‡¦ğŸ‡·
18:00hsğŸ‡²ğŸ‡½
2:00hsğŸ‡ªğŸ‡¸
-
Link: https://t.co/xuj2geKOMh
-
RT asi crezca la comunidad mas pajera y ramdon de internet ğŸ˜›
-
#twink #videollamada #skype #vivo #gayargentina #gaymexico #gayespaÃ±a #pibe #chavo #chaval https://t.co/0CwTMkCGUf",Argentina
1654949010233278465,"@florcit0 Son unos salchichas manipuladores sin cojones . A ver hablando en serio, los buenos empleados que quieran hacer hÃ­brido o remoto 100% se vana ir a otra empresa que se los permita. Se van a quedar con la escoria.",Argentina
1654560981505253377,Disen Ser Buenos Y Resultan Gusanos . Ami Sin Cojones Que Tu Seas FulanoğŸ‘¹,Argentina
1654352414802321408,@linasproused @Carol52675519 @EduAguirre7 Tiene mÃ¡s cojones que Ã©l hasta saliÃ³ a felicitar a la FIFA por su Mundial,Argentina
1654293692969021440,Que cojones todavÃ­a yo te quiero...,Argentina
1653529000826875905,Pa quÃ© cojones sirve arrepentirse?,Argentina
1653186417751740416,"ConseguirÃ¡ apoyo del electorado.
Si ganase, podrÃ­a hacer una buena gestiÃ³n ?
No es cuestiÃ³n solamente de imagen fÃ­sica o carisma; sino de cojones !! https://t.co/UyOyHbULMY",Argentina
1652155696715005952,Ustedes tienen cojones a cuenta de otro ğŸ˜†ğŸ˜†,Argentina
1651821003100631041,@delfinawagner_ @solanogod Feo de cojones. En BCN estaba copito de nieve en mi Ã©poca,Argentina
1651404948075061249,Nadie tiene los cojones para aplicar el plan motosierra. Todos se quejan del gasto pÃºblico pero nadie lo baja,Argentina
1651174306926264323,"Vaya cojones, hay que tenerlos bien puestos o estar loco de remate! https://t.co/KivTtXu5yN",Argentina
1650996091720966150,"@Fum4tr0n Pero esto no es novedad, esto es lo normal o a caso pensamos que todos los tienen en blanco y con jornada completa ? 
Encima hay que darle las gracias al comemierda ese
Se trabaja con 50 grados o mÃ¡s en el invernadero en verano
Que lo haga el con sus cojones. 
Negrero",Argentina
1650658115245752320,"@rinconet Estos dos delincuentes no cambiaron la historia, la historia la cambio quien fue el padre de la democracia un 10 de diciembre de 1983 que tuvo los cojones que uds no tuvieron de enjuiciar a un ""gobierno militar"" no seas cÃ­nica!!",Argentina
1650217638298017793,Twittea para verle los cojones a Hiroshi,Argentina
1649986117809192960,"Me levanto en defensa de Cristian que tiene la personalidad para hacer lo que le sale de los cojones ğŸ™ŒğŸ¾ğŸ™ŒğŸ¾ğŸ™ŒğŸ¾ğŸ™ŒğŸ¾ ya quisiera yo ser asÃ­ y clavarme hilo este verano, GOD SAVE CRISTIAN! En este mundo tan inclusivo hoy critican a un cuerpo libreâ€¦ somos incongruentes como sociedad!",Argentina
1648770891013038080,"@Patoma89 @datazopincha Tenes razÃ³n, pero asi como hay gallinas cacareando por la final en MADRID, nosotros los pinchas guardamos con especial y dulce recuerdo como los destrozamos en el 2006 en cancha de velez, en un campeonato digno de un ganador con cojones, y no amargos pechos frios como boquitaAbur",Argentina
1648508167280816130,COJONES,Argentina
1645472482072068120,"Con la posibilidad de meter a RÃ¡mirez en el 11 inicial, con quÃ© equipo te le vas a plantar a #River en el Monumental? 

Yo voy asÃ­ con dos cojones: Durso; BBS, Morales, Felipe, Colazo; Steimbach, MiramÃ³n, BolÃ­var, Muro; Soldano y Tarra. 

#GELP",Argentina
1645217302491672576,"Hay mil teorias conspirativas contra Larreta voten y dejen de joder, si queres gob CABA,  tenes q tener cojones, no entrar escondido en una sabana.",Argentina
1655779454927380481,Estoy que flipo https://t.co/iLnZj3iRbB,Argentina
1655217565176586240,"Y no imagines a mi lado ese futuro perfecto
Porque todo lo que toco yo lo acabo rompiendo
Y es cierto que yo lo flipo con esto
Pero mejor vernos menos como el sol en invierno",Argentina
1652463952758972417,@Apis2019 Terminando la segunda temporada de El Reino . Flipo,Argentina
1656333492786020352,"Tremendo el menÃº que arme para hoy. Pollo al horno con verduras, y un arroz con queso de la hostia ğŸ¤¤",Argentina
1653905406630961152,"Hoy perdÃ­ TODA LA TARDE RECLAMANDOâ—ï¸LPMâ—ï¸
-1ro a LITORAL GAS xq me cambiaron de N3 a N1 en subsidio
-Me contestaron cquier fruta
-Entro a MiArgy no me reconoce DNI, ni mail, ni hostia
-OTRO RECLAMO X MALA SEGMENTACIÃ“N EN LITORAL GAS Y EPEğŸ˜¤
-Conmigo NO chiquEs, se las seguirÃ©â—ï¸ https://t.co/ZuBfeC1R1j",Argentina
1653134937959047173,"La visita de lujo al crack de @RuizGerry ... Un dÃ­a de la hostÃ­a ..  a todo culo 
con Vicente, @jdegourville @LeandroTorrenti y quiÃ©n escribe... https://t.co/mpL0oq87wa",Argentina
1652301390432141312,"@dizilah La belleza de esta serie conmueve!! Es distinta a todas y perfectamente escrita. La actuaciÃ³n del elenco es impecable,y pÃ¡rrafo aparte...
 #BurakTozkoparan 
Un actor de la hostia!!!
#ATESKUSLARI
#Gulbar
#Ilaydalisan
#BurakTozkoparan
ğŸ’ğŸ’ğŸ’ğŸ’ğŸ’ğŸ’ğŸ’
ğŸ’ğŸ‡¦ğŸ‡·ğŸ’ğŸ‡¦ğŸ‡·ğŸ’ğŸ‡¦ğŸ‡·ğŸ’",Argentina
1652183054507556865,"Volviendo del #MastersOfRock reflexiono... me duelen los pies, la espalda, la cintura en -30 y @PaulStanleyLive se colgÃ³ de un arnÃ©s con sus 71 aÃ±os, ademÃ¡s bancÃ³ unas plataformas tremendas y se mandÃ³ un show de la re hostia....",Argentina
1651789084870733824,Sisi una capitÃ¡n de la hostia. En la final hizo que un jugador de riber no lo expulsen. Pedazo de capitÃ¡n. Te dejaba a gamba siempre https://t.co/mtRcPBTEaH,Argentina
1650034481519001605,"QuÃ© actriz de la re hostia es mi seÃ±ora, Julieta DÃ­az.",Argentina
1649437329973551104,@guadavazquez @diegobranca No nos olvidamos de la fiestita de Olivos Guadalupe. Vos sos una periodista de la hostia..  El otro es un mercenario https://t.co/6NxirPe5KX,Argentina
1648135099047727105,"Parte de ser adulto, al menos para mÃ­, es reconocer que al menos un poco de aquello que nos molesta es un reflejo de nosotros mismos, y que si bien es mÃ¡s fÃ¡cil echar culpas que hacerse cargo, lo segundo es esencial para estar bien con uno mismo. 

Dicho esto, es necesario",Argentina
1647924597348605952,"@tiempoarg @sipreba @delegadosclarin Pero no los indemnizaron ??? Una empresa tiene el derecho de echar empleados . Es un bajÃ³n salir a buscar laburo , pero no se puede obligar a una empresa a mantener su planta de empleados , al menos el sector privado se.maneja asÃ­",Argentina
1647015318231957507,"@PeladodeCronica @GerardoMorales @UCRNacional Si ,no hay q' dinamitar nada .Tenemos q' achicar gastos de la polÃ­tica, echar a los q' no trabajan en el Estado .Modificar las leyes laborales, menos delegados por cantidad de trabajadores. Menos Ministerios. Orden, respeto por la Ley.",Argentina
1655756547073400832,"Y estarÃ¡ en vosotros.18:No os dejarÃ© huÃ©rfanos, vendrÃ© a vosotros.19: TodavÃ­a un poco,y el mundo no me verÃ¡ mÃ¡s,pero vosotros me verÃ©is, porque yo vivo, vosotros tambiÃ©n vivirÃ©is. 20:En aquel dÃ­a vosotros conocerÃ©is que yo estoy en mi Padre,y vosotros en mi,y yo en vosotros.",Argentina
1655404185133694976,"@AcostashowJuan Â¡Sacate la gorra, Juan!. Vosotros querÃ©is meter preso a todo el mundo. Cuando no es Herrera es Cristina... Â¡ah, pero Macri!... claro, ahora me cierra. Fue el Prescindente de Boca",Argentina
1654931667042160640,Que la paz estÃ© con Vosotros... ğŸ˜¬â˜®ï¸ https://t.co/2RhmhoHykl https://t.co/DvcisW6KE6,Argentina
1653214743849578500,"Si permanecÃ©is en mÃ­, y mis palabras permanecen en vosotros, pedid todo lo que querÃ©is, y os serÃ¡ hecho.
Juan 15:7",Argentina
1652466757678800898,"JesÃºs dijo:
""Sed, pues, vosotros perfectos, como vuestro Padre que estÃ¡ en los cielos es perfecto.""
San Mateo 5:48",Argentina
1652365448531329026,"Hoy quiero compartir con vosotros unas palabras que mi padre de crianza (mi vasquito querido)me dijo cuando era estudiante de leyes: ""se humilde por sobre todas las cosas"". AsÃ­ lo hice aunque me jugÃ³ en contra,pero con el tiempo comprobÃ© cuÃ¡nta razÃ³n tenÃ­a... https://t.co/ZOLPD4eSdZ",Argentina
1650141309221367808,@TinyPanthera Me gusta compartir la comida con Vosotros humanos..ğŸ¤©ğŸ¤£ğŸ¤£,Argentina
1648649887456587780,"@pa_buga_mi_kuga @larazon_es @visitargentina @FlyWithLEVEL @turismobaok AsÃ­ es, #Argentina, cautiva irremediablemente, y uno de sus  mayores valores sois vosotros, sus gentes! llevo viviendo en #BuenosAires cerca de 3 meses, y gracias al visado de #nÃ³madadital creado por @MinInteriorAR estarÃ© mucho tiempo mÃ¡s! 
@florcarignanook @AlfredLopezRita",Argentina
1648425121865175040,"Buenas Tardes, mis Hermanos en Cristo, que la Gracia de Dios los Bendiga a todos Vosotros ğŸ˜‡
@penelope_waldo @MoreSotelo @Aleli26281405 https://t.co/5FC8Vle51L",Argentina
1648124339441618944,"Si los verdaderos cambios se dan a partir de reconocer, es tiempo de Re-conocer que el â€œConcepto Sin costo o gratisâ€, NO EXISTE.
Alguien lo estÃ¡ pagando (yo, tÃº, Ã‰l, Nosotros, Vosotros, Ellos)
Hablando con claridad nos entendemos ğŸ˜‰",Argentina
1648107313994117121,"Va CV de @GugaLusto 
En un acto de Lealtad a la Patria y al Movimiento (intestinal), brega x un paÃ­s mÃ¡s justo como querÃ­a ese gobierno de la naciÃ³n de Ali Baba.
Venid y Chupad todos de ellos y que la Democracia sea con vosotros !!!!! https://t.co/YWlQZIbxzb",Argentina
1646627449092943873,"no
no me conformo con tan poco mejor vosotros si
pero yo nunca estuve en ese monto
tonto tan solo escucha lo que canto y te cuento
tan solo deja que te corrija el tiempo 
si as echo mal al menos
sabes
La proxima ves no me defraudes ğŸ¤£",Argentina
1646197217768751109,@che_nati @ChampionsLeague 15 de Vosotros,Argentina
1645588310482468864,@bdebendecida Vosotros?,Argentina
1645257360775020556,Vosotros no tenÃ©is ni putisima idea,Argentina
1655982709401845778,"""Recuerdos, sin recordar""ğŸ‚(tÃ­tulo del texto)
EncontrÃ© en mi ordenador un cuento corto, que escribÃ­ para un exÃ¡men de lengua y  literatura. (Hace unos 5 aÃ±os)
Eso me da motivaciÃ³n a seguir aprendiendoğŸ™‚
No sÃ© imaginan  la emociÃ³n que sentÃ­ al leerlo. Dije: lo escribÃ­ yooo!! Jaja",Argentina
1655620080967860226,"En el dÃ­a de hoy @LuciaCorpacci dejÃ³ de ser el principio ordenador del justicialismo catamarqueÃ±o. 

No hay remate.",Argentina
1653170645998489602,"Hoy ratificamos nuestro compromiso por la generaciÃ³n de mÃ¡s oportunidades para nuestro pueblo, y celebramos el trabajo como principal ordenador social, para acercarnos asÃ­ a una sociedad mÃ¡s justa e igualitaria. https://t.co/kkNLY6reiP",Argentina
1653048309919932418,"ğŸ«‚ Feliz DÃ­a a quienes dÃ­a a dÃ­a hacen grande nuestra industria a travÃ©s de su esfuerzo y trabajo, dignificando su vida a travÃ©s del Ãºnico ordenador social por excelencia EL TRABAJOâ€¼ï¸

ğŸ¤—ğŸŠğŸ‰ FELIZ DIA A TODğŸŒS LOS TRABAJADORES Y TRABAJADORAS DEL PAISâ€¼ï¸ https://t.co/f3qbEnGsZz",Argentina
1653036430384414721,"Defendemos un modelo de paÃ­s donde el trabajo digno y con derechos sea el gran ordenador de la vida. Una Argentina donde los que trabajan sientan el orgullo de ser el motor de la Patria.

Feliz #DÃ­adelTrabajador y la Trabajadora â¤ï¸âœŒğŸ½ https://t.co/J8Zk3bF7Df",Argentina
1653016591351574528,"FELIZ DÃA DEL TRABAJADOR Y LA TRABAJADORA ğŸ‘¨ğŸ»â€ğŸ³ğŸ§‘ğŸ½â€ğŸ’»ğŸ‘·ğŸ¾ğŸ§‘ğŸ¼â€ğŸš’ğŸ‘¨ğŸ½â€âš–ï¸ğŸ§‘ğŸ½â€âœˆï¸

El trabajo dignifica a todo ser humano, es un derecho y promueve bienestar en todas las sociedades ya que es el factor ordenador por excelencia. https://t.co/OAnTJdtJI7",Argentina
1652999526368661504,"Muy feliz dÃ­a a las y los Trabajadores, siempre para adelante, el trabajo es el ordenador social mÃ¡s importante y debe servir para la movilidad social, sino no es trabajo. https://t.co/2rP7R6JVlz",Argentina
1652875659918692358,"(..) la generaciÃ³n de empleo. Hoy, las empresas radicadas en el parque emplean a mÃ¡s de 1400 personas de nuestro pueblo y de localidades vecinas.
El trabajo, como ordenador social, nos garantiza la dignidad de las personas y la felicidad del pueblo.

Â¡Feliz dÃ­a, trabajadores!ğŸ‘ğŸ» https://t.co/ptiyP4Qwfa",Argentina
1652713905519509506,@santiagojfredes No Santiago! se pueden abrir escuelas hospitales y universidades en los mismos barrios que se construyan como hay en Nordelta! No tendrÃ¡n que viajar 30 km El proyecto es bueno y resuelve el problema habitacional y es ordenador @JuanGrabois,Argentina
1652705986740641794,"Nuestro objetivo en cada encuentro, es transmitir un mensaje muy claro: apostamos al trabajo como elemento ordenador de una sociedad mÃ¡s justa y equitativa. La creaciÃ³n de emprendimientos que generen trabajo genuino es una de nuestras prioridades. https://t.co/myttNYaulf",Argentina
1648997335886618624,"@Sholomit1 @mgorganchian Y asÃ­ los registros contables e informes necesarios para administrar el imperio comercial se entendÃ­an claramente. 
La escuela de hoy dÃ­a fue creada para proveer elementos funcionales a un gran ordenador capitalista.
La escritura a mano sigue siendo una competencia favorable.",Argentina
1648020673497903111,"1Â° Jornada de Cannabis Medicinal e Industrial de La Rioja al mundo.

â€œEs fundamental el rol del estado como ordenador, queremos hacer que esto represente una alternativa para nuestras economÃ­as regionales"". https://t.co/fQ8EBg9eXS",Argentina
1645874969212260353,@Eric_Lostie Yo no paso de la primera ciudad pq el juego no me guarda el progreso y no puedo dejarlo abierto todo el dÃ­a en el ordenador ğŸ˜­,Argentina
1654832387564400645,"Gerardo Gandini. 
Y a pesar de la adolescencia dorada del chaval, ya tiene edad suficiente para escucharlo y disfrutarlo.
Suelten. https://t.co/O5Q6qFjbyw",Buenos Aires
1652553894549913600,"@elpardua Fui a la tornopleteria, y habÃ­a cerrado!
Por suerte ahÃ­ nomÃ¡s me tropecÃ© con un carnisolÃ­n de taburete que alguien habÃ­a botado en la acera. Â¡Enhorabuena chaval! Me dije, y lo he adaptado con un poco de fuerza centrÃ­peta. Casi es un tornoplete.",Buenos Aires
1654949010233278465,"@florcit0 Son unos salchichas manipuladores sin cojones . A ver hablando en serio, los buenos empleados que quieran hacer hÃ­brido o remoto 100% se vana ir a otra empresa que se los permita. Se van a quedar con la escoria.",Buenos Aires
1651404948075061249,Nadie tiene los cojones para aplicar el plan motosierra. Todos se quejan del gasto pÃºblico pero nadie lo baja,Buenos Aires
1650658115245752320,"@rinconet Estos dos delincuentes no cambiaron la historia, la historia la cambio quien fue el padre de la democracia un 10 de diciembre de 1983 que tuvo los cojones que uds no tuvieron de enjuiciar a un ""gobierno militar"" no seas cÃ­nica!!",Buenos Aires
1650217638298017793,Twittea para verle los cojones a Hiroshi,Buenos Aires
1648770891013038080,"@Patoma89 @datazopincha Tenes razÃ³n, pero asi como hay gallinas cacareando por la final en MADRID, nosotros los pinchas guardamos con especial y dulce recuerdo como los destrozamos en el 2006 en cancha de velez, en un campeonato digno de un ganador con cojones, y no amargos pechos frios como boquitaAbur",Buenos Aires
1648508167280816130,COJONES,Buenos Aires
1655217565176586240,"Y no imagines a mi lado ese futuro perfecto
Porque todo lo que toco yo lo acabo rompiendo
Y es cierto que yo lo flipo con esto
Pero mejor vernos menos como el sol en invierno",Buenos Aires
1652183054507556865,"Volviendo del #MastersOfRock reflexiono... me duelen los pies, la espalda, la cintura en -30 y @PaulStanleyLive se colgÃ³ de un arnÃ©s con sus 71 aÃ±os, ademÃ¡s bancÃ³ unas plataformas tremendas y se mandÃ³ un show de la re hostia....",Buenos Aires
1650034481519001605,"QuÃ© actriz de la re hostia es mi seÃ±ora, Julieta DÃ­az.",Buenos Aires
1647015318231957507,"@PeladodeCronica @GerardoMorales @UCRNacional Si ,no hay q' dinamitar nada .Tenemos q' achicar gastos de la polÃ­tica, echar a los q' no trabajan en el Estado .Modificar las leyes laborales, menos delegados por cantidad de trabajadores. Menos Ministerios. Orden, respeto por la Ley.",Buenos Aires
1655756547073400832,"Y estarÃ¡ en vosotros.18:No os dejarÃ© huÃ©rfanos, vendrÃ© a vosotros.19: TodavÃ­a un poco,y el mundo no me verÃ¡ mÃ¡s,pero vosotros me verÃ©is, porque yo vivo, vosotros tambiÃ©n vivirÃ©is. 20:En aquel dÃ­a vosotros conocerÃ©is que yo estoy en mi Padre,y vosotros en mi,y yo en vosotros.",Buenos Aires
1648649887456587780,"@pa_buga_mi_kuga @larazon_es @visitargentina @FlyWithLEVEL @turismobaok AsÃ­ es, #Argentina, cautiva irremediablemente, y uno de sus  mayores valores sois vosotros, sus gentes! llevo viviendo en #BuenosAires cerca de 3 meses, y gracias al visado de #nÃ³madadital creado por @MinInteriorAR estarÃ© mucho tiempo mÃ¡s! 
@florcarignanook @AlfredLopezRita",Buenos Aires
1648425121865175040,"Buenas Tardes, mis Hermanos en Cristo, que la Gracia de Dios los Bendiga a todos Vosotros ğŸ˜‡
@penelope_waldo @MoreSotelo @Aleli26281405 https://t.co/5FC8Vle51L",Buenos Aires
1648107313994117121,"Va CV de @GugaLusto 
En un acto de Lealtad a la Patria y al Movimiento (intestinal), brega x un paÃ­s mÃ¡s justo como querÃ­a ese gobierno de la naciÃ³n de Ali Baba.
Venid y Chupad todos de ellos y que la Democracia sea con vosotros !!!!! https://t.co/YWlQZIbxzb",Buenos Aires
1646627449092943873,"no
no me conformo con tan poco mejor vosotros si
pero yo nunca estuve en ese monto
tonto tan solo escucha lo que canto y te cuento
tan solo deja que te corrija el tiempo 
si as echo mal al menos
sabes
La proxima ves no me defraudes ğŸ¤£",Buenos Aires
1645588310482468864,@bdebendecida Vosotros?,Buenos Aires
1645257360775020556,Vosotros no tenÃ©is ni putisima idea,Buenos Aires
1652713905519509506,@santiagojfredes No Santiago! se pueden abrir escuelas hospitales y universidades en los mismos barrios que se construyan como hay en Nordelta! No tendrÃ¡n que viajar 30 km El proyecto es bueno y resuelve el problema habitacional y es ordenador @JuanGrabois,Buenos Aires
1648997335886618624,"@Sholomit1 @mgorganchian Y asÃ­ los registros contables e informes necesarios para administrar el imperio comercial se entendÃ­an claramente. 
La escuela de hoy dÃ­a fue creada para proveer elementos funcionales a un gran ordenador capitalista.
La escritura a mano sigue siendo una competencia favorable.",Buenos Aires
1654837576820219905,2023 y estamos viendo cÃ³mo un cura le pone una corona a un pibe. Cada dÃ­a ansÃ­o mÃ¡s el advenimiento de Skynet.,Spain
1654607833449525252,@futpicante Eres el mejor del mundo q disculpa guebon antes tiene  q llorar por voz estas ay pibe,Spain
1654252452940529666,"Un flipao, la piba verde que le rechaza, su hermana azul con daddy issues, un tonto, su colega igual de boba, un Ã¡rbol gymbro, un mapache chetao, un pibe que silba, y un perro soviÃ©tico, se han encargado de hacerme increÃ­blemente feliz #GuardianesDeLaGalaxia3",Spain
1654199094775107607,"@JM_Bernabe_ El pibe que estÃ¡ en sociales pero su sueÃ±o siempre fue ser mÃ©dicoâ€¦ 

I know your feelings bro ğŸ˜",Spain
1651548507919065090,"Y esta es la historia de como el pibe de clase trabajadora le cuenta al empresario que las cosas o cambian, o las cambiamos. https://t.co/Hmr2rxvzxQ",Spain
1651347030063697927,"Â¿Pibe?
Pone, joder, pone.",Spain
1651346857874931716,"La clase trabajadora pibe su vida en riesgo, cada dÃ­a, en el tajo, en el transporte pÃºblicoâ€¦ https://t.co/mbx76LTCuC",Spain
1650749555082776577,El pibe que mÃ¡s dice de baloncesto femenino https://t.co/YmTZAM0ax4,Spain
1650281874009227268,"ojalÃ¡ pueda ayudar a este pibe. que se quede acÃ¡ , me da tan buena espina â€¦",Spain
1649695696511959040,"@SoyManya5 No tiene fÃ­sico para jugar en primera, no jodas. Que pongan a algÃºn pibe de la tercera que corra por lo menos.",Spain
1649204710790889472,"Por el amor de jesus, lo que juega el diablito echeverri. Imparable el pibe.",Spain
1649073958921043969,@IlZqUaDlI @oliverborgess_ @2010MisterChip negro de mierda? JAJAJJAAJ @oliverborgess_ que habla el pibe este ahora?,Spain
1648984850232143873,@trickiteazy Premier no vende un beat si el proyecto o El Mc no le convence. Yo creo que ya se conocÃ­an de otra vez y Premier no es bobo. Sabe que ese pibe esta pegado y le interesa. Asi mismito.,Spain
1648424562458263552,No entiendo que partido estÃ¡ viendo Lampard para sacarlo a Enzo. Quiero creer que fue un error del pibe del cartel. Caso contrario es muy pelotudo este pibe,Spain
1648214024843063297,@rebeecaheerrero Â¿CÃ³mo? Â¿El pibe dormÃ­a con su amigo? https://t.co/S7CTKetYG0,Spain
1647848347355566081,@marcosbenito9 Fichar al pibe de rojo! Gran gesto!ğŸ‘ğŸ»,Spain
1646427829213573120,@YenyGmz Salva? Pero es buen pibe!,Spain
1645483432850472961,@CELHFutbolBase @marodmaria @TorneoOviedoCup @Angelleal81 @CGutierrez954 @sandra_vericat @JovaniRuben @AgusMelo77 @DaniClavel98 @pibe_arb @adriandc_8 @jordiarjona26 Una persona importante e imprescindible en el club.,Spain
1645479282779488284,estoy segurÃ­simo que el pibe no pensaba eso enserio ni de coÃ±a https://t.co/RnINSd1PzG,Spain
1645401150177386498,@CELHFutbolBase @TorneoOviedoCup @Angelleal81 @CGutierrez954 @DanieGonzalez21 @DaniClavel98 @adriandc_8 @pibe_arb @LHenJoc @lhesport @JovaniRuben @AlbaGC5 Los equipos del  @CELHFutbolBase siendo protagonistas de uno de los mejores torneos de Semana Santa. Segunda participaciÃ³n y ya pensando en volver a repetir!,Spain
1655711026208284672,Cuando el mardito algoritmo de mi Spotify va a entender que no me gusta una noche en MedellÃ­n y tampoco la de hasta abajo la bebe. ParÃ¡ un poco che,Spain
1654381223827963905,"@crespo212 Tol dia quejandoteâ€¦. Che pues ponte tu a darle al pico y arregla el puente, y asi lo abrimos jajajajajaajaj",Spain
1653153865988972548,"@nuriamoreiras @CesareoArturo @bngcompostela @mundiario @GorettiSRei @XSanchezBugallo O carallo, sacou + Bugallo en 2 anos q o hipi en 4 e con pandemia. CA fracasou, mal q che pese, q fixeron? A ludoteca abriuna a medias, case non arreglou baches, a avenida de VilagarcÃ­a foi un desastre de obra culpa deles x elexir materiais de merda, grandes contratos caducadas.",Spain
1652394158353530880,@mvbertomeu As Ã¡rbores porquÃ© non che gustan? Pola folla caduca? Onde os colocarÃ­as?,Spain
1652386944368746498,@IvaanBojko Gracias che! VÃ­ a Baez hoy!,Spain
1651880186097303558,Macumbe che volano #amici22 âœ¨,Spain
1651300696233213974,Che estos se re quejan del calor ğŸ¤ŒğŸ»ğŸ¤ŒğŸ»jajajajaa,Spain
1649382093086941184,"@che_pirata1963 @SanWicente Las prÃ³ximas elecciones serÃ¡n 11 de julio  o 18 de julio , para seguir con Pedro Sanchez como Presidente",Spain
1648248066342879235,@Cherichefff4 Buenos dÃ­as che,Spain
1647620160449069056,"Che ojo que a River todavÃ­a le queda jugar con los de mas arriba en la tabla. CASLA, DyJ, CARC, Talleres y AAAJ.",Spain
1646954926810058754,@valibona44 Eh ma devi considerare che câ€™ha la faccia a bischero.,Spain
1646650736321740802,Che que fiesta el monumental. No paran de cantar y saltar. No me sorprende igual...,Spain
1646580076031488002,"@PacoHerran SÃ­, eso estÃ¡ clarÃ­simo, una camiseta del che suele ser puro postureo, sobre todo si es made in china (que de comunismo no tiene nada).",Spain
1646569360981475328,@PacoHerran El comunismo no estÃ¡ en contra de la propiedad privada y menos de la propiedad privada de camisetas. Si la camiseta no se produce con medios privados (sino colectivos tipo cooperativa por ejemplo) no hay ninguna pega en vender camisetas del Che.,Spain
1646279017606021121,Miglior video della serata: io che canto â€œti ringrazio mio signoreâ€ come coro da stadio ğŸ™ğŸ¼â™¥ï¸,Spain
1645723282010779649,Che hace 2 dÃ­as no me anda chat gpt. A alguien mas?,Spain
1645343050565050368,@Cherichefff4 Buenos dÃ­as che,Spain
1656298698391912455,"@_giulirossi pago mas barato x uno de dos dormitorios, dos baÃ±os, cocina separada y cochera en un barrio cheto en MADRID, estamos todos locos.",Spain
1655717976287354886,"@charlatacticape El pecho friÃ³ de Yotun se hizo la caca y no quiso enfrentar al gordito que lo increpÃ³ ! Jajaja el Ã­dolo de los pavos . . . y el conejo gordo querÃ­a compararlo con Jefferson  Farfan , hay que ser recontra pavo monse ğŸ¦ƒ",Spain
1654564796270796800,"@Transporte3 Esto se arreglarÃ­a haciendo un paro nacional por parte de todos, tanto asalariados como autÃ³nomos, a ver si a alguno de los que manda se les acaba la boludez. Que mÃ¡s imprescindible que hacer el boludo en la playa es que las mercancÃ­as fluyan.",Spain
1645814101493563392,PEDOFILO @DalaiLama un boludo importante que te enseÃ±a a respirar. Boludo importante https://t.co/fmyl4Rtnl3,Spain
1656395375828258819,"Este chabÃ³n estÃ¡ buscando cÃ¡mara me cae para el orto PERO hace rato rato que debo decir que todo lo que me llega de Argentina es muy grasa,muy cachudo antes sabÃ­amos mantener un equilibrio nadie tiene buen gusto parece que lo cobraran en dÃ³lares. Se los digo con una mano en el ğŸ©· https://t.co/SBcZYroZkm",Spain
1655899215476793345,@dariopalacio q es lo q tengo q hacer para q me den el pasaporte EspaÃ±ol como a vos? https://t.co/D0GC0DmJ7q,Spain
1655647089781530643,"Orgullo se cidade Ã© sen dereita, sen conservadores casposos, sen rancios machistas que aÃ±oran a Ã©poca de Pajares y Esteso. Orgullo de cidade Ã© mirar por unha Compostela verde, de barrio, de rÃ­os, limpa e non que usa o coche ata para ir de putas que Ã© o que facedes vos, sucios. https://t.co/M469DBxNUo",Spain
1655468593406963712,Vos y que esa mujercita no sabe cuando verse bien? Que indita mas,Spain
1655148552325046276,"En una vino una mina y le dijo a uno de los chicos â€œvos conocÃ­as a Fulanita, no?â€ (un Tinder con el q no hablÃ³ nunca mÃ¡s en un aÃ±o) â€œSi, por?â€ â€œXq estÃ¡ muy borracha y no puede manejar,te doy las llaves de su moto y ella despuÃ©s las buscaâ€ ğŸ˜ Ã‰l le respondiÃ³ â€œNo, es un montÃ³nâ€",Spain
1655111964912234499,"Por vos voy por tierra, voy por cielo y voy por mar",Spain
1654891992877334528,"El tipo apuesta a conseguir el mismo laburo y mejor pago en el sector privado, cuando el gobierno suelte el curro de la obra pÃºblica y se haga por iniciativa privada. Pero vos apostÃ¡s a que el pobre vote por lo que lo hizo pobre, crÃ¡neo. https://t.co/sdFPrwKCeF",Spain
1654185199096274944,@DiesYo Puede ser que la foto sea chiva y no necesariamente vos (mi pensamiento inseguro),Spain
1654133139030126594,"@silvia_gomeez @backbece Me estoy riendo de vos con mis amigos, mi ciela. Nos gusta ver que la vida siempre puede ser peor. Besote!",Spain
1654119082537484288,@silvia_gomeez @MartaRelat No que te divertÃ­a?! Quedaste chiquita en nada. Casi que EspaÃ±a aguantÃ³ mÃ¡s en el Mundial que vos y eso es mucho decir.,Spain
1654118836709347341,@silvia_gomeez @joselitek Bien por vos!! PrÃ³ximo paso: entender de quÃ© se trata el fÃºtbol. MUCHO ÃNIMO!,Spain
1653897060112900098,"Tremenda chapa. Un mitin. Non se pode ir de mÃ¡ximo fan e non ter nin puta idea. En canto a vos traballazo, coma sempre. https://t.co/FKTb785tKo",Spain
1653554969017044992,"@ezequielquimer @rosarino1956 @cabjezadetermo @FedeSancci @BercovichPablo @dmvasco @tomascanosa @RomanGuajardoOk @franabra6 @julianphecker @SergioMassa @produccion_arg @fisfeindustria Te estaba respondiendo a vos, aparentemente malinterpretÃ© algo. ğŸ™ƒ",Spain
1653384190598029314,"@dacomesana @CincoDiascom Mano dura!!! Non todo vale polo carto, sintoo capitalistas liberais, pero antes morto que ver a cidade como un parque temÃ¡tico, nunca como Venecia, NUUUNCAAA! @psdegsantiago ou vos explicastes mal ou recuastedes, dureza ante a falta de vivienda pÃºblica (tampouco serÃ­a a soluciÃ³n)",Spain
1653221705605685249,@AllendeRooh Para vos reinaaaaaaaaaağŸ˜˜,Spain
1652888214363951106,Fua que ganas de una buena gira con vos reina,Spain
1652879839098028032,"https://t.co/7k5uvI8KlO
Xa estÃ¡n con chorradas, hai cousas mais importantes, ademais, q ruas queredes mudar? Xla de xente que si fixo por Santiago? A esa xente apenas se coÃ±ece, so entre vos como non, acaso son mais importantes ca Xelmirez, Victoria Miguez ou Montero RÃ­os?",Spain
1652828006228869126,"Dixeronme xente de fiar que as enquisas internas do @psdegsantiago danlle a @XSanchezBugallo 7/9 concelleiros, unha baixada enorme!!!
De que vos servÃ­u dedicar millÃ³ns e millÃ³ns os bastardos explotadores d @CompHosteleria, cambiar d parecer/explicar fatal o tema pisos turÃ­sticos?",Spain
1652650520912314371,Cali querido vos sos mi vida...,Spain
1652583703892066304,"@CoquitaBack @Apuntes_ Fui en el 2014. La web del gobierno tenÃ­a TODOS los datos. Esta todo hecho para que te armes vos tu tour con todo lo que hay allÃ¡ disponible (trenes, tours, etc)",Spain
1652495208943083526,@Gallina91218_ Vos decis que entre riquelme y el var hay algo??,Spain
1652237180629139456,"@Israelanochecer Tiene que haber opciones de inversiÃ³n donde colocar los flujos del comercio. So vos me pagas en moneda A, yo tengo que poder invertir ese flujo por mientras hago otro pago. Si no hay donde estacionar la moneda ala que tengo, prefiero usar otra moneda quÃ© si lo tenga.",Spain
1651941186473435136,"@kenponce_r Hey vos! 
respeta mis gustos. ğŸ˜’",Spain
1651250744643710980,@chespi1984 @ursuvargues Pero vos entendisteâ€¦ sos bilingÃ¼e?,Spain
1651204675197173761,"Susana: teÃ±o moita presa necesito q vos sentedes, eh InÃ©s mondase de risa 
Es q no puedo con esta seÃ±ora jjajajsjjsj",Spain
1651162540250918912,@Agost1no Todos sabemos que Alberto nunca cortÃ³ ni pinchÃ³. Una persona lo puso ahÃ­ y esa persona es la que nos trajo acÃ¡. Con ese mismo argumento no podemos endilgarle el 100% de la culpa a esa derecha que vos mencionas.,Spain
1650732603777904640,@BauBassi @pmbruera @AgustinaLocke Bauti como que nunca probaste el locro????? Y vos pedro deja se decir que sos del interior ğŸ˜µâ€ğŸ’«,Spain
1650597652436754453,"@psdegsantiago @XSanchezBugallo Non se olviden de que o Sar e Sarela ainda non estÃ¡n conectados, falta pouco si, gracias a vos si, pero bueno, despacio que non vaian ocorrer contratempos como no EspiÃ±o... @mrosonf @abal_marta @XSanchezBugallo @gonzalomuinos",Spain
1650553229447507986,"Bajo del ascensor y me cruzo con una vecina mayor 1000% catalana
Yo: hola! CÃ³mo estÃ¡s ?
Ella: muy bien, VOS?
El plan de colonizaciÃ³n sigue avanzando a pasos muy rÃ¡pidos",Spain
1650268942374522881,Cuando te bese sentÃ­ q vos sentiste cosaas,Spain
1649718234390593537,"@JoseDuero99 Ay ğŸ¥º que bello huevon ğŸ«¶ bonito corazÃ³n en tuyo. Lo que no puedo creer es que apenas te la hayas visto, despuÃ©s de tanto tiempo que saliÃ³. 
Genial que compartas ese lado sensible de vos. Un abrazo ğŸ«‚",Spain
1649713752609095681,"Y vos, quÃ© peinado de Roberto tuviste? https://t.co/oQheSHl1QU",Spain
1649326528054939649,@DementeXElBolso JugÃ¡s a las 7 en la loma del orto. Vos llevabas 5000 gallinas,Spain
1649068902364659714,"https://t.co/Us3AL9hHl9
Pero que decides comeplantas? O edificio seguirÃ¡ tendo espacio para os veciÃ±os!! Deixade de mentir, vos o que pasa e que queredes todo para enchelo de veganos e merdas asÃ­. Agora seguirÃ¡ existindo un espacio para a xente e de paso a @Depucoruna pagao.",Spain
1648349616767926272,"Loco entreno con un mae que es otra cosa, clase clara mÃ¡s Preciosa peroooo huele malğŸ¤£ como le digo que se vaya a baÃ±ar maje? No sentirse vos.ğŸ˜®â€ğŸ’¨",Spain
1648068243729334277,@Yuliany_Delva Ya no soy cariÃ±oso con vos pues ğŸ–•ğŸ»,Spain
1648009772564725760,@RauOGvs_ Y vos no deberÃ­as de estar trabajando? ğŸ¤” jajajaja,Spain
1647637990234005505,"@latalpamela Te amo amorğŸ©µ a vos a mi muchachito, si no soy la madrina no quiero nada.ğŸ¤£",Spain
1647522120656732163,"@marlaskalakaska Esssque mhan dicho que tengo que tenÃ© asquito a Vos. 
Feijudas parece moderadito. 
La economÃ­a sin dar la batalla cultural.Lo mÃ­o aunque se hunda EspaÃ±a. 
â€¦
ğŸ¤¦â€â™‚ï¸",Spain
1647379327846080512,"Y si vos, como yo, dimos toâ€™ por amor y perdimos, ahora nos toca vivir â¤ï¸â€ğŸ©¹â¤ï¸â€ğŸ©¹",Spain
1646593206895759368,"@Pelinlc Un mÃ©dico muy desagradable me dijo una vez, tenes tres enemigos en la medicina uno el paciente, dos tus colegas y tres vos mismo.",Spain
1646566394127843356,Un millÃ³n de veces mÃ¡s cerebro que vos tiene tu hijo! https://t.co/ZQsEW6tq72,Spain
1646239125358403590,@Massigar1 O me voy ebria? Que decÃ­s vos?,Spain
1645943271045070849,"https://t.co/lzRdjxuAGv
A xustiza non actuou porque non viu nada raro, esperastes meses ata que as elecciÃ³ns estivesen cerca, sodes basura @PopularesStgo @borja_verea. Xa dimitÃ­u e se deron explicaciÃ³ns, solo vos queredes sacar merda.",Spain
1645806235198054400,"@chinchula Te invito a poner fotos de los que te gustan a vos, CARADURA!!! @lepusecucca por favor quÃ© estÃ¡ pasando???",Spain
1645721103908610054,@cynthiiaacj Cuando te besÃ© sentÃ­ que vos sentiste coosaaa,Spain
1649090718173126656,"En el trabajo hay una compu que es re lenta y se utiliza solo para gestiÃ³n de ventas. La lentitud que tiene ese equipo es tremenda, lo odio",Spain
1648545997927096320,@jackitafer Es mi juego favorito de la vida jaaja pasaba HORAS en la compu jugando ğŸ¥²,Spain
1646601068552376334,"Tengo mi compu nueva, estoy muy feliz â™¥ï¸âœ¨",Spain
1646220997597462528,"CÃ³mo asÃ­ que hay academias de trabajo virtual? Eso se enseÃ±a? Yo nada mÃ¡s sÃ© que me siento frente a la compu, trabajo y listo. No tiene ciencia ğŸ¤”",Spain
1649070402109407234,@LeandroTorrenti Y la mortadela? QuÃ© es ese ninguneo con uno de los pocos embutidos que se banca solito un sanguche?,Spain
1655577814031106049,@_freeman35g La 3.0 todavÃ­a no salio pibe y todavÃ­a falta para la 2.1,Madrid
1655287864026972160,"@fernandezpablo Lo que tirÃ³ de Globant, aparte de hijo de puta, ni saben mentir. En los primeros 3 meses un pibe que reciÃ©n entra es un lastre para el resto que le tiene que enseÃ±ar. No tiene sentido entrenar a alguien para largarlo.",Madrid
1654252452940529666,"Un flipao, la piba verde que le rechaza, su hermana azul con daddy issues, un tonto, su colega igual de boba, un Ã¡rbol gymbro, un mapache chetao, un pibe que silba, y un perro soviÃ©tico, se han encargado de hacerme increÃ­blemente feliz #GuardianesDeLaGalaxia3",Madrid
1653719239465873408,"@culongatetonga Mirate un video de gameplay del man ese, yo tengo ahorradas 83 tiradas para cuando salga el pibe, estoy aguantando las ganas fuertes de tirar",Madrid
1650281874009227268,"ojalÃ¡ pueda ayudar a este pibe. que se quede acÃ¡ , me da tan buena espina â€¦",Madrid
1649882275037708288,@hater__skelter Igual a este pibe no hay que tomÃ¡rselo en serio. Es intencionalmente pelotudo.,Madrid
1649204710790889472,"Por el amor de jesus, lo que juega el diablito echeverri. Imparable el pibe.",Madrid
1649067110734221313,@palomafdz605 @anarc1970 @pedromlatuff @NatyNatyFerro Pues no le mires la cara al pibe que te caes de culo. ğŸ˜‚ğŸ˜‚ğŸ˜‚,Madrid
1649063955652804611,@palomafdz605 @pedromlatuff @NatyNatyFerro Peligro es el pibe con veinte maletas y que va a la 24B va haciendo carambola con el C y E de cada pasillo y llega a su fila y no tiene sitio. Ah!! Incluido el bolso de arpillera de cuadros medio rojo tirando a rosa ğŸ˜‚ğŸ˜‚,Madrid
1648860137585537025,"Goooooooooooooooooooooooooooooollllll 

Vamos Pibe!",Madrid
1648386535731986438,@RCCelta @estrellagalicia el pibe que hace 4 dÃ­as se ha dejao 80 pavos en la segunda camiseta https://t.co/VI1WwnaATJ,Madrid
1648214024843063297,@rebeecaheerrero Â¿CÃ³mo? Â¿El pibe dormÃ­a con su amigo? https://t.co/S7CTKetYG0,Madrid
1647210920609710081,@Pibe_Marcio @juanfromspain1 @soycamarero Iban a montar el club de los pesimistas pero desistieron porque no creen que funcionarÃ­a,Madrid
1646427829213573120,@YenyGmz Salva? Pero es buen pibe!,Madrid
1645490747473563648,Me voy a morir del pibe que hace de Ringo en la serie de Ringo,Madrid
1655465155742912512,"@AnibalGarzon Un soldadito boliviano no es hermano del Che, no. Eso no es verdad.
El Che, pijo progre de la Ã©poca y cero empatÃ­a por nadie, fue un asesino sin compasiÃ³n. 
Hermano Ã©l de un ""soldadito"", amos anda!!!!!",Madrid
1654577485542047748,"@Duniesquispizz @CubanaLidice @ShadowsOfGreys @Ana_Hurtado86 @Lostinpit1 @DiCastilloB @EVilluendasC @KatrinaDeCuba @emicuba_ @NacheDCuba @AleLRoss198 @zurdoBo7 Vivan Marx, Engels, Fidel, el Che, Vilma EspÃ­n, RaÃºl y DÃ­az Canel. Vivan los pueblos que luchan por el socialismo. 

#ALaPatriaManosYCorazÃ³n â¤ï¸ğŸ‡¨ğŸ‡º",Madrid
1654475886547152900,"Che amigo @CambeiroThiago , no se puede inventar una nueva LEY CAMBEIRO para el nivel internacional?",Madrid
1654212710790311936,"@antonioabadg Para el neocomunismo tb. Nazis no hay (mÃ¡ximo los 50 d San Isidro). Defensores del comunismo, como Vd (ojo q inventaron la homofobia y campos d concentraciÃ³n para homosexuales bajo el lema del Che ""El trabajo os harÃ¡ hombres"") muchos. Lo suyo es como judÃ­o defiendiendo a Hitler. https://t.co/9UDVCfhZ9u",Madrid
1653800582803488768,@LfilodelabrechA Â¿Es un apodo del infecto niÃ±o pijo homofÃ³bico aka ChÃ© Guevara?,Madrid
1653327082242318338,NO CHE O CHEN TE RA!!! https://t.co/vTup5uZdWH,Madrid
1653299250019663875,@che_pirata1963 @PaganaMaite @abulelrafas Ansar es mÃ¡s de anal,Madrid
1652386944368746498,@IvaanBojko Gracias che! VÃ­ a Baez hoy!,Madrid
1652218200350752770,NO CHE OCHEN TERA ğŸ¶ https://t.co/5XMupjltGD,Madrid
1651706850096685057,"Che, alguien puede cantar el Himno con un poco mÃ¡s de entusiasmo?? Se canta a viva voz! Nadie se tiene por quÃ© fijar si desafinas o no. A los gritos carajo! âœŠï¸",Madrid
1651652962744147976,"@ChimoModSounds Me da mucha pena por la fiel aficiÃ³n che, pero tiene todo muy mala pinta. Mucho Ã¡nimo, Amunt Valencia! y Lim Go Home!.",Madrid
1651645749115998208,"@pulsotac @Flechadel78 @hpititiminisky Tranquilo che, ni que te hubiera invadido el espÃ­ritu santo",Madrid
1651488435863973888,@Cappi_Zzz Che y vos @nievestomadinn no te queda algÃºn amigo menos retrasado en stock? Buscate amigos normales o aprendÃ© a defenderte sola hermana porque este dispenser de cringe de pedo puede hilar una oraciÃ³n.,Madrid
1651300696233213974,Che estos se re quejan del calor ğŸ¤ŒğŸ»ğŸ¤ŒğŸ»jajajajaa,Madrid
1650953786012102670,No sÃ© un poco che! ğŸ˜…ğŸ˜‚ https://t.co/XFHeY7UJEr,Madrid
1650481892087549953,@PabloEchenique @SuperRoStar @PODEMOS Para cuando derribamos la estatua del Che en Leganes ? Memoria histÃ³rica.. si..para todos,Madrid
1650418907663024128,"@BorjaMiguelok @12Maibj Che, moooy bueno! Una usina de simbolismo esa biblioteca. TenÃ©s obra social intelectual y emocional in aetÃ©rnum. Encima, te tirÃ© ese tweet irÃ³nicamente, justo estoy con Gautier y me sirviÃ³ para tirar el chiste, nunca pensÃ© que encontrarÃ­a tal feedback.",Madrid
1650158775376936961,"Como ya dijo el Che: ""A los comunistas sÃ³lo nos echan del poder pies pa lante"". https://t.co/vsDYZYPpRi",Madrid
1649896309850095619,"@maguicmps Che pero aunque sea un golazo como anÃ©cdota paranormal, eso es una alucinaciÃ³n hipnopÃ³mpica; que pueden ser visuales, auditivas o incluso tÃ¡ctiles (como en tu caso), y una de las caracterÃ­sticas es que justamente crees estar completamente consciente.",Madrid
1649874287770124289,@AlexisCubells Delivery hasta Madrid pÃ­o no hay che cuate ğŸ˜©,Madrid
1649452666391523328,"Che, Â¿y de quÃ© hablan ustedes los fanÃ¡ticos de los autos?

Respuesta mÃ¡s improbable: de bancar a Taylor Swift. https://t.co/PFGRzsgbgO",Madrid
1649150314379968512,Che se acuedan que jajajajjaaa venian a jajajajajaja para para jajajajaja venian a poner a la Argentina de pie,Madrid
1649076366833250308,"@perroscalleok che vamos a ver catupecu como cuando eramos adolescentes en villa gesell! Tienen fecha en Madrid, besos a todos!",Madrid
1648640580887388160,"@JAC_Serj @Yolanda_Diaz_ Ya fue el Che, y le intento asesinar la CIA",Madrid
1648454879638335489,"Es mÃ¡s. Creo quÃ© hay un momento de la charla en la que MaslatÃ³n se da cuenta de eso y dice algo como â€œche, que bien este programaâ€. Me encantÃ³.",Madrid
1648248066342879235,@Cherichefff4 Buenos dÃ­as che,Madrid
1648175438328479745,"@macabrofandango Che, y vos sos? Agradecele al algoritmo de twitter que te podemos leer y darte tus 15 segundos de atenciÃ³n, blowhard.",Madrid
1647620160449069056,"Che ojo que a River todavÃ­a le queda jugar con los de mas arriba en la tabla. CASLA, DyJ, CARC, Talleres y AAAJ.",Madrid
1646650736321740802,Che que fiesta el monumental. No paran de cantar y saltar. No me sorprende igual...,Madrid
1646509924074102785,"@todonoticias Uuuufa yo me crie en ese barrio, jugÃ¡bamos en la calle, yo estaba con mis amig@s, ivamos a lanplaza Alsina, a la vereda de cualquier amiguit@. Que cagada che como esta el barrio!! Una tristeza!ğŸ˜«",Madrid
1646300987248852992,Impresionante como no jugamos a nada che ğŸ’”,Madrid
1646279017606021121,Miglior video della serata: io che canto â€œti ringrazio mio signoreâ€ come coro da stadio ğŸ™ğŸ¼â™¥ï¸,Madrid
1645723282010779649,Che hace 2 dÃ­as no me anda chat gpt. A alguien mas?,Madrid
1645698784666501120,@crisalidemalva Se sono con la condizionale gli anni non sono tanti lo stesso! ğŸ¤“vado che perdo El Uber ğŸ’ƒğŸ‘‹ğŸ‘‹,Madrid
1645343050565050368,@Cherichefff4 Buenos dÃ­as che,Madrid
1656298698391912455,"@_giulirossi pago mas barato x uno de dos dormitorios, dos baÃ±os, cocina separada y cochera en un barrio cheto en MADRID, estamos todos locos.",Madrid
1653726046204600321,"que la gente haga caso omiso el que seas estÃºpido. 

Ser blanco, hegemÃ³nico y cheto no son mÃ©ritos de nada, y no deberÃ­an ser razÃ³n de orgullo, ni mucho menos algo a que aspirar. Espero que con esto se vayan rescatando de a poco, hay tiempo â±ï¸",Madrid
1653726042060890112,"AMO, que por fin se dieron cuenta de que es PELADA, aspirar a ser CHETO y tomar cualquier camino para lograrlo, hasta vanagloriar a un partido polÃ­tico que esta MATANDO gente, mientras le maquillas a la princesa de la narcopolitica en tu paÃ­s. Ser hegemÃ³nico ya no alcanza para https://t.co/WoVVochVIW",Madrid
1653724104443277313,"Espero que ahora con Magno como ejemplo, vean lo triste, aburrido, sin identidad y sin un Ã¡pice de amor propio que se ve aspirar constantemente a ser Cheto. No hay ko nada de bueno que rescatar, me da pena que la gente venda su moral por dinero, da asco y pena",Madrid
1650772843678842882,DÃ­ganme na que el cheto wanna be que se las quiere dar de proxeneta va a terminar preso por favor,Madrid
1655965152179630081,@pablomarzocca Lo comprarÃ­a sin dudarlo porque lo recontra vale. Pero ahora que me bannearon el eshop esta off limits.,Madrid
1652705208244359168,@Isaijosetc AsÃ­ me estÃ¡s diciendo desde hace 2 aÃ±os recontra bcrro jeje.,Madrid
1651935481091768321,"Recontra crack Haaland, pero lo que hacÃ­a el Batipibe en el United de esa Ã©poca era majestuoso. https://t.co/ShkJ0jR1f1",Madrid
1650193967449866240,"La pasividad actual del pueblo Venezolano es digna de estudio ğŸ“š, vivimos sobre la mayor riqueza petrolera existente, esta recontra comprobado por el mismo rÃ©gimen que son criminalmente corruptos, el 90 % sobrevive de milagro y nadie se arrecha !! Nos volvimos mansos ?#libertad https://t.co/SC5HFhArga",Madrid
1655290313311748098,@MamuGringa Es la primera vez que lo leo y nada puede ser peor que esta primera impresiÃ³n. Espero que sea un forro porque no se puede ser tan boludo.,Madrid
1653142943555805185,Escuchar a lit killah con acento venezolano me acaba de arreglar la vida AGUANTE ARGENTINA EL DIEGO Y LA DROGA BOLUDO. https://t.co/fV0kbbJBxU,Madrid
1652813460982448132,"Entonces, eso, el lobby asunceno de la oposiciÃ³n es una poronga porque la gente se sigue llenando la boca de â€œyo ayudo desde donde puedoâ€, y las campaÃ±as polÃ­ticas se hacen en Instagram y Twitter. Medio boludo parece, pero la gente que tiene mÃ¡s educaciÃ³n a veces es la mÃ¡s tonta",Madrid
1652798299017969666,"@ExCarnaka @AleixSais Siempre esta el boludo q te dice como tenes q comer, si es vegano! Tiene pinton ese bocata!!ğŸ¤—",Madrid
1652580880240594944,@DamianP_ @LaspinaL @azoradamente PodrÃ­as haber googleado y no quedar como un boludo.,Madrid
1652225910550982663,@FranNunesEcon Sos un boludo importanteâ€¦,Madrid
1651132482597666818,@bareaIV @lucas33984 @KingsLeague Boludo tenes la foto de Tiger dejate de joder,Madrid
1649871566258184193,Jajajajajajajja boludo no puede ser que paÃ­s lleno de oportunidades https://t.co/U0KksVBy6z,Madrid
1648451226105970688,@Laurix73 Hugh Grant siempre me va a parecer un boludo sÃ³lo por eso.,Madrid
1656054698867130370,"@yanilatorre Hola? Vos vivÃ­s de lo mismo, de hablar mal de todo el mundo y de meterte en la vida de los demÃ¡s #cararota #sinescrupulos CÃ³mprate una vida, sos nefasta ğŸ« ",Madrid
1655943782477737987,"Desde que mi musa para un desamor sos vos , siento que escribo malâ€¦ âœï¸",Madrid
1655825063818436608,"En mi casa tengo discos y cosas que no me hacen mal 
DespuÃ©s de muerto nene, vos me vendrÃ¡s a visitar.",Madrid
1655636285057294355,@AhfJla @Gus_Noriega En esta fantasÃ­a tuya la nena violada no le quiere contar a los padres y si a su ginecÃ³logo pero vos pensas que yendo junto a ella al ginecÃ³logo eso cambiarÃ­a. Es muy curioso como razonan uds.,Madrid
1655562547540422663,"@elexdetuvieja para vos!

 https://t.co/5d3KXeNpDM",Madrid
1655343413334626304,"#VamosRiver

Tomala vos, damela a mi, el que no salta muriÃ³ aquÃ­ ğŸ’ªğŸ” https://t.co/ehSEczgSnO",Madrid
1655249611735416834,"@fdalmaud Vos y tus preguntas!!! Gente aburrida? Es buenÃ­sima, menos mal que hay personas buena onda que te las responden ğŸ˜‹ğŸ˜‰",Madrid
1654891992877334528,"El tipo apuesta a conseguir el mismo laburo y mejor pago en el sector privado, cuando el gobierno suelte el curro de la obra pÃºblica y se haga por iniciativa privada. Pero vos apostÃ¡s a que el pobre vote por lo que lo hizo pobre, crÃ¡neo. https://t.co/sdFPrwKCeF",Madrid
1654842857767723009,"@Martulity @vero__te_ Ahhh, vos decis que yo no la banco porque aun soy re joven? https://t.co/9h2RYulwDV",Madrid
1654761448797528066,@natales15 Incluso si eso hubiera pasado no aportaba absolutamente nada. Tenes a Susan Sarandon y lo mÃ¡ximo a ll que aspiras es a generar un momento gracioso para vos a costa suya.,Madrid
1654628517315788800,@nerdnq5 Yo me fijo mucho el momento. Porque si te da bola a vos se le pueden ir 20 al humo. Depende el lugar y el contexto.,Madrid
1654628200050315264,@susanette Yo extraÃ±o te voy a hablar a vos que no estÃ¡s trabajando solo porque puedo acceder a vos y lo hare hablÃ¡ndote sobre mi.,Madrid
1654618124379889664,@RAMIROMARRA Un poco como vos Ramiro pero sin la parte del retardo.,Madrid
1654578084060774404,"La gente que dice â€œesta gente no me representaâ€ por la gente que se esta manifestando, y la verdad que nadie te tiene que representar, deberÃ­as hacerlo vos mismo, eâ€™a, asÃ­ guaâ€™u vamos que na ser representantes de los demÃ¡s, pe nde kaiguevekena",Madrid
1654553602751340544,"@jalguater @NataliaTaffarel Sos vos porque obvias lo que es para que sea lo que queres que sea. Esta todo ahÃ­ afuera, no es un secreto. Hace lo que quieras con eso.",Madrid
1654195639041794053,"@reg_mati O cambiar de carril cuando vos estas fÃ­sicamente ocupando el carril. Te ponen el giro cuando ya empezÃ³ la maniobra. Gracias, ya me di cuenta cuando vi tu auto encima mÃ­o.",Madrid
1654185199096274944,@DiesYo Puede ser que la foto sea chiva y no necesariamente vos (mi pensamiento inseguro),Madrid
1654118237930389505,@gabrielHLucero Pero lo hiciste vos? No entiendo.,Madrid
1653885508127162370,@GarciaHelen__ Vos para cuando rubia,Madrid
1653857672830111747,@luis_freina Terrible vos ...no hay x quiÃ©n votar,Madrid
1653856176721764354,@luis_freina lgp asÃ­ estaba viendo vos,Madrid
1653765150107742213,"@labicivoladora Lo tragicÃ³mico no es eso, sino como la actitud y la mirada de ella - incluso el enfoque explÃ­cito del ""si vos hacÃ©s la tuya yo hago la mÃ­a"" denotan que va a tomar fafu como manera de manipularlo a PaÃ©z;  bÃ¡sicamente la pintaron de merquera, y de pasada de manipuladora. Cine ğŸš¬ğŸš¬",Madrid
1653740148922646528,@itrangoni Vos mÃ¡s que nadie sabÃ©s que es cierto lq digo ğŸ˜”,Madrid
1653710485781397504,"Vos ponele amor a todo, aunque la vida duela â¤ï¸",Madrid
1653582299231838210,"@noka_uy Jskja ofendidÃ­sima. SÃ­ Avril yo me educo, soy acadÃ©mica; vos en cambio sos uruguaya, otaku y burra. DespuÃ©s dicen que la vida no castiga dos veces. Abz",Madrid
1653479797509505031,Y vos que tal por tu casa bonita ğŸ¤•ğŸ¤® https://t.co/lMHfMauIKg,Madrid
1653380862577131520,"@enriquevp Y quÃ©?
AquÃ­ los Ãºnicos idiotas e ignorantes son los que fueron a votar nuevamente por los rojos, o los que vendieron su voto, o los que alteraron las votaciones para que ganen nuevamente.
Y vos @carlosviveroscv no te da vergÃ¼enza defender algo indefendible, Â¡vendido!",Madrid
1653322501764575232,"Desde ese momento hasta hoy pasaron 11 aÃ±os, increÃ­ble! Vos y tu hermano son lo mejor de mi vida ğŸ§¡ Feliz cumple Clarita, enana de mi corazÃ³n â¤ï¸ Que sea feliz, feliz y mÃ¡s feliz ğŸ‚ğŸ‰ 
@fdalmaud https://t.co/qqxUqNJzuV",Madrid
1653213351399284737,"se cree traqueto 
papi vos no llegas ni a bobo d los mandados",Madrid
1653069086031478787,"@bel_bozzolo @antisocialEgo En cambio las matemÃ¡ticas son de carÃ¡cter acumulativo y eso es lo que hace que si un profesor es ineficiente al momento de explicar las estructuras, a vos te resulte difÃ­cil; no pasa con ninguna otra materia, excepto con lenguas extranjeras que tambiÃ©n son materias acumulativas.",Madrid
1653068938605936641,"@bel_bozzolo @antisocialEgo Se me ocurre una analogÃ­a boludÃ­sima pero didÃ¡ctica: si una profesora de historia te cuenta quÃ© hizo San Martin en Chile sin contarte cÃ³mo cruzÃ³ Los Andres vos vas a aprender igual, a lo sumo te faltarÃ¡ una parte de la historia que la podÃ©s aprender cuando quieras.",Madrid
1652836714400841729,"quienes no tuvimos educaciÃ³n de nivel universitario en un paÃ­s donde eso es un privilegio de clase, vos te vas a la CatÃ³lica y yo te tengo que dar cÃ¡tedra? Puedo ko, pero que paja me dan",Madrid
1652808391721451522,@lauraharkins @LanaMontalban MirÃ¡ vos!,Madrid
1652602510585077760,"@lunepolar Me viÃ¡l Reti!!!! ğŸ˜‚â¤ï¸ğŸŒ²
Y vos?",Madrid
1652495208943083526,@Gallina91218_ Vos decis que entre riquelme y el var hay algo??,Madrid
1652457557087191040,me puse chimbita pa que vos me presumas,Madrid
1652432594380759040,A besar me enseÃ±Ã³ tu mujer y vos lo sabes!,Madrid
1652430335538282497,@AnGyarq_ @a_velaci @MelKfecito Jajaja vos llegando a la gasolinera ğŸ˜‚ğŸ˜‚ğŸ˜‚ğŸ˜‚ğŸ˜‚ğŸ˜‚ https://t.co/q3ePnzxvEv,Madrid
1652351305980018703,"@La_Chechu86 @ChatrucJose2 Claro q si aportarian, aparte uno no puede ser como serian los demas, sino no serias vos mismo. Los ee sanlo tambien aportan... https://t.co/Ndiut51Urr",Madrid
1652336209295802368,@Licer67 Tenemos que planificar un finde â€œdÃ©jate llevarâ€ por vos ğŸ‘ğŸ»ğŸ’ƒğŸ•ºğŸ».,Madrid
1652335787159986179,@SuperPorfiada Esto de llevo de regalo a vos rocha https://t.co/H31Jm8SAek,Madrid
1652327560980692995,"@CaroMaiorano Es raro porque la que me dice que no soy empatico, educado y si ordinario, sin conocerme y sin que nada de lo que haya escrito indique eso, sos vos. Yo sÃ³lo opino sobre lo que escribÃ­s. Igual no tengo ganas de discutir tu ofensa asÃ­ que buen dÃ­a.",Madrid
1652323675515805703,"@alebc32946038 @CaroMaiorano @julianmatas0378 Ale (asÃ­ queda claro que ahora si te estoy contestando a vos), no tenes idea como funciona twitter. Ya me mandaste a cagar dos veces por cosas que no te conteste a vos. Leete un tutorial y no me rompas las bolas.",Madrid
1652323045585944578,"@CaroMaiorano Vos le llamas empatÃ­a a ir con tu vida ABC1 a contarle a alguien que apenas llega a fin de mes, que su laburo es una mierda, que lo largue y ya busque algo glamoroso. Baja de tu nube de pedos.",Madrid
1652322562997735425,@alebc32946038 Es muy difÃ­cil hablar con alguien que dice algo y al siguiente tuit dice que no. Y vos lo hiciste 3 veces seguidas. Buen disco.,Madrid
1652289998966644738,"@CaroMaiorano Que buena que sos, Caro. Gracias a vos no se van a cagar ni de frÃ­o ni de calor. SÃ³lo de hambre.",Madrid
1652276724195786752,@CaroMaiorano No es el punto. Ya en otro tuit hablaste de â€œdesempolvar cajasâ€. Tu problema no es con la precariedad sino con lo que a vos te darÃ­a vergÃ¼enza hacer.,Madrid
1652243019083415553,@soycaita @arieldiaco Pero vos todavÃ­a no te fuiste a dormir,Madrid
1652240448671342592,"Hay gordito, la vida tenia algo mejor para vos!ğŸ˜ğŸ§¡ https://t.co/ZnZNGvqHEK",Madrid
1652237180629139456,"@Israelanochecer Tiene que haber opciones de inversiÃ³n donde colocar los flujos del comercio. So vos me pagas en moneda A, yo tengo que poder invertir ese flujo por mientras hago otro pago. Si no hay donde estacionar la moneda ala que tengo, prefiero usar otra moneda quÃ© si lo tenga.",Madrid
1652009990629081089,"@DoorBell51 Si me sacan la vulva que de paso me saquen el lÃ³bulo frontal cerebral y te lo pongan a vos asÃ­ por lo menos entendÃ©s una ironÃ­a, mamita.",Madrid
1651982051552243715,@XimenaGarciaBl @Red_Carolina @JASanahuja @IndiraHuilca @AlachanHeidy @edblanco_nic @AVillagran502 @anogal @JuAMartinezO @asaraviapadern @eliotfzc @Adaraja @FedeFilartiga @saskianino @DuarteJr_ @EmilioUIO Vos mÃ¡s ğŸ’•,Madrid
1651977441110380549,@Huszzky Vos no tenes espejo  en tu casa poseado ?,Madrid
1651974528761724928,"@pisaconmigo @lules_glam Yo lo habÃ­a interpretado como, no le jode que ganes mÃ¡s pero hasta esto puedo llegar yo. Ahora que te leo, me parece que es como decÃ­s vos.",Madrid
1651941186473435136,"@kenponce_r Hey vos! 
respeta mis gustos. ğŸ˜’",Madrid
1651730123157041158,"La campaÃ±a se centra en venderla como LA ESTADISTA y le suben el rating a Milei. Â¿Entienden que a ningÃºn polÃ­tico, de ningÃºn partido, les interesa una mierda la pobreza, inflaciÃ³n, dÃ³lar y que vos te cagues de hambre? EstÃ¡n en campaÃ±a.",Madrid
1651705719039590402,"Ya no es necesario tener onlyfans escribeme y con depÃ³sito en mi cuenta de banco.. te paso por privado, telegram  o hacemos videollamada como vos elija y me podrÃ¡s ver sin censura https://t.co/DnZN4Ry1Et",Madrid
1651653085276545027,@VenteDigo1 ğŸ¤£ğŸ¤£ğŸ¤£ğŸ¤£ vos ti sÃ­ que eres!!,Madrid
1651651140272922634,"Tengo el orgullo a flor de piel te admiro tanto @Najwa_Nimri  tu trabajo, interpretaciones.magistrales solo reservadas para las grandes y vos sos una de esas!!!!! Vamos por mas !!!!!! https://t.co/anOBYo465i",Madrid
1651648314322845696,@ceriani_pablo Ni yo cuando grite un gol en un 1 a 7 fui tan vergonzoso como vos,Madrid
1651488435863973888,@Cappi_Zzz Che y vos @nievestomadinn no te queda algÃºn amigo menos retrasado en stock? Buscate amigos normales o aprendÃ© a defenderte sola hermana porque este dispenser de cringe de pedo puede hilar una oraciÃ³n.,Madrid
1651270585022816259,@DraKarins Que idiotez decÃ­s. Milite con la oposiciÃ³n y cuando vÃ­ descerebrados como vos dije para que lucharla por gente mediocre como vos.,Madrid
1651263653142839297,"@estebanbullrich Sos una gran persona Esteban, ojalÃ¡ haya alguno mÃ¡s como vos, pero es casi imposible hacer acuerdos genuinos con quienes dÃ­a a dia destruyen este paÃ­s, admiro tu fortaleza, que Dios te bendiga siempre.",Madrid
1651250744643710980,@chespi1984 @ursuvargues Pero vos entendisteâ€¦ sos bilingÃ¼e?,Madrid
1651174694094086145,@valle_nora @BombitaDarin Y a vos que te hace pensar que no lo conozco??,Madrid
1651162540250918912,@Agost1no Todos sabemos que Alberto nunca cortÃ³ ni pinchÃ³. Una persona lo puso ahÃ­ y esa persona es la que nos trajo acÃ¡. Con ese mismo argumento no podemos endilgarle el 100% de la culpa a esa derecha que vos mencionas.,Madrid
1651001303001190400,"A dÃ³nde voto el domingo, para que me gobiernes vos mi amorrrr",Madrid
1650963241227415564,"@GusCasals @mechiboue Faltan @ianveneno @srodriguezrey y vos dear @GusCasals 
Igual les sacamos el cuero a las tres ğŸ˜‚",Madrid
1650951236575719443,@nahuelsosa__ Ay Nahuel si queres convencer a alguien aparte de los 3 trasnochados que ya piensan como vos vas s tener que hacerlo mejor que esto.,Madrid
1650932100843839516,"Mira si vos vas a venir a hablar de ciencia y fundamentos cagados desde la auto percepciÃ³n cuando sos prÃ³fugo del yodo, todo lo que este fulano escupe es fundamentalismo de la auto percepciÃ³n https://t.co/QaJQzjFgKw",Madrid
1650914486927212552,@JuanSolia1 @Samuel9856789 @CarlosMaslaton @SergioMassa Vos me estas diciendo que Cristina no esta en este gobierno? Te juro que se me hace muy difÃ­cil entenderte,Madrid
1650896532772618240,"Hola amigo @LeandroTorrenti , vos que tenÃ©s llegada al Chiqui Tapia le podes pedir que organice un campeonato NORMAL. 20 equipos, ida y vuelta, sin promedios!
Harto de casi 21 aÃ±os explicandole a amigos y compis de laburo de acÃ¡ nuestra ""liga"".
Gracias por adelantado (?)",Madrid
1650870516796870656,"@InthraVAL @LucasRojo Habla por vos, yo me ducho una vez por mes.",Madrid
1650766669868855296,"@pablom_m Quieres saber de historia? Mira, apunta:

En el dÃ­a de hoy, cautivo
y desarmado el EjÃ©rcito Rojo,
han alcanzado las tropas na-
cionales sus Ãºltimos objeti-
vos militares. La guerra
ha terminado.

El GeneralÃ­simo
Franco
Burgos, 1Â° Abril 1939.

A mamarla",Madrid
1650766580001787904,"Quieres saber de historia? Mira, apunta:

En el dÃ­a de hoy, cautivo
y desarmado el EjÃ©rcito Rojo,
han alcanzado las tropas na-
cionales sus Ãºltimos objeti-
vos militares. La guerra
ha terminado.

El GeneralÃ­simo
Franco
Burgos, 1Â° Abril 1939.

A mamarla https://t.co/VLGw0UxfUG",Madrid
1650582988290138121,@PiedrasMarcos Marcos tomÃ³ algo contra a indignaciÃ³n ? Porque para que un luns vos poÃ±ades a stremear e algo gordo â€¦.,Madrid
1650535843671470080,"ğŸ“·Compartimos algunas imÃ¡genes de la actividad de la Noche de los Libros'23 ""DIOS Y VOS"" en la
@CarlosdeAmberes
ğŸ“·Disfrutamos de una velada con una selecciÃ³n de poesÃ­a, mÃºsica y danza del siglo XV en torno al MarquÃ©s de Santillana.
@Cia_Garcilasos
@ArmoniaMadrid
@barbaraming https://t.co/PlMdUftvD0",Madrid
1650454487255875586,"@gonsanchezrey Te crees cualquier estupidezâ€¦ahhh sos vos, perdÃ³n nadaâ€¦",Madrid
1650364824499388416,"@joacoboca Transgresor era Rimbaud que recitaba obscenidades y escribÃ­a ""Muera Dios"" en las paredes de Charleville a los 16 en los aÃ±os 1800, no vos Santi, que bardeÃ¡s a los Beatles en tik tok la concha de tu madre.",Madrid
1650316518926737408,"@BorjaMiguelok @12Maibj Simbolismo francÃ©s, no? Entrar a twitter y ver a alguien citando un fragmento de La ComÃ©die de la Mort de ThÃ©ophile Gautier me devuelve la fe en la humanidad; por mÃ¡s jÃ³venes como vos.",Madrid
1650056370555699202,@milkstrology Me chupan un huevo vos y tu planta acuario,Madrid
1650040475200438275,Ser swiftie es saber que todos tus exes van a pensar en vos si escuchan por ahÃ­ cualquier tema de Taylor. Es nuestro Tim MvGraw. El ciclo estÃ¡ cerrado.,Madrid
1649867306128793601,"Nunca seas el esnob que le quita el deseo a los otros. Nunca seas el que le dice a otro ""Ese destino es muy clichÃ©"", ""Ah, hasta aquÃ­ nomas te vas"" o ""Ese vino que tomÃ¡s es muy ordinario"". Nunca seas el que excluye o aleja. Y si ya lo sos, lo siento por vos. #ReflexionedEnViaje",Madrid
1649832680203190277,@Santipatico_ Si este viejo de 36 pudo hacer algo vos podes tambiÃ©n,Madrid
1649815684086415362,"@agu5t1n4_ @Ezemoliina20 Si no te gusta que otros opinen diferente que vos, entonces no publiques tu vida en redes o hacelo de forma privada.
Queda claro que tu hijo estÃ¡ educado por vos, que sos capaz de agredir a alguien que no le parece graciosa ni tierna tu publicaciÃ³n.",Madrid
1649533861477351426,Te dedico â€œLa FÃ³rmulaâ€ de maluma y Marc y si es para vos y si es la Ãºltima que te dedico. ğŸ”—ğŸ’š,Madrid
1649473058606809088,"no me gusta estar enojada con vos
pedime perdÃ³n",Madrid
1649454957844725761,"@Feerry94 @soytheryhus @wallstwolverine Pero que vas a saber vos , volver al frasco de donde saliste , las sarta de estupideces que escribÃ­s",Madrid
1649384429024886788,"@martinredrado @horaciorlarreta Sino no me lo bancaba al pelado rosca antes, ahora te sumas vos. Invotables.",Madrid
1649078245948551168,"@luciano12625306 @clarincom AdemÃ¡s, me gusta hacer un poco de caridad con los retrasados mentales como vos alegra mis dÃ­as.",Madrid
1649028249819725824,@DSG1987 @clarincom Pero vos crees que eso solo pasa en argentina? AcÃ¡ tenes una guerra con amenaza nuclear.. creo que eso no se compara no ? La situaciÃ³n que vive Europa con la guerra entre china y Estados Unidos vs rucia ucraniana no tiene comparaciÃ³n alguna,Madrid
1648924579740495874,@AnGyarq_ Yo a vos mi Angys,Madrid
1648453396930924544,@SergioMassa @Rolo_Figueroa @Weretilneck Sergio para cuando ellos asuman vos ya vas a estar exiliado en Alfa Centauri.,Madrid
1648269761007038464,"@luzcalezcano Blda vos te reÃ­s pero es cierto, laburÃ© casi 2 aÃ±os en una cadena de golosinas en BA y en ese momento no te das cuenta xq te cebas con tanto chocolate a mano!! Maginate, el cajoncito de mi mesita de luz estaba full de chocolates y dulcesğŸ¤£  No dejen el ejercicio plsâ¤ï¸â€ğŸ”¥ los amo",Madrid
1648211172192141314,"@seba_martino @pilarabente @raquelbritez_ @sussy_mongelos @DieguinhoSosa Trabajar de por si ya es un privilegio de clase, no tenes idea de lo que decÃ­s, sos tan tavy que las chicas se estÃ¡n mofando de vos con todo el derecho",Madrid
1648175438328479745,"@macabrofandango Che, y vos sos? Agradecele al algoritmo de twitter que te podemos leer y darte tus 15 segundos de atenciÃ³n, blowhard.",Madrid
1648009772564725760,@RauOGvs_ Y vos no deberÃ­as de estar trabajando? ğŸ¤” jajajaja,Madrid
1647941677066207234,@rrffss Jajajajaja vos confia que luego llega ğŸ˜‚â¤ï¸,Madrid
1647910335234318337,ayer mi ex me dijo que me iban hacer ğŸ’© pero ese â€œno mas que vos me salio del corazonâ€ jajaja no soporto ver como me llenaron de â€œamorâ€ el dia de mi cumpleaÃ±os ğŸ¥°,Madrid
1647678627574677505,"@SuperpibaAR @APAdeAAutismo @panaacea @mjolivan @autismoargentin Siempre se habla de autismo, sobre todo ahora que ""todo ser diferente"" es autista. Hasta a mi me diagnosticaron autismo por ser antisocial y detestar grupos y multitudes. Sin embargo no lo soy, solo que la gente es impertinente con otra que ni conoce. Como vos, por ejemplo",Madrid
1647673990482219010,"@FJBescos ğŸ˜˜ Hola! Ahora que veo tu foto, habÃ­as sido lindo vos eh!",Madrid
1647522120656732163,"@marlaskalakaska Esssque mhan dicho que tengo que tenÃ© asquito a Vos. 
Feijudas parece moderadito. 
La economÃ­a sin dar la batalla cultural.Lo mÃ­o aunque se hunda EspaÃ±a. 
â€¦
ğŸ¤¦â€â™‚ï¸",Madrid
1646957744845357056,"Tu presencia marcÃ³ en mi vida el amor 'Lo sÃ©' 
Es difÃ­cil pensar en vivir ya sin vos! CorazÃ³n sin Dios, dame un lugar... En ese mundo tibio casi real.",Madrid
1646948912068980738,"@armesillaconde @ZelenskyyUa Escuchame Mark Ruffalo hippie, vos prentendes que le regalen el paÃ­s?",Madrid
1646898725778751489,"@Alejand12864392 @theRedSolo_ Justicia poÃ©tica? Como si no hubiera una historia de censura y opresiÃ³n hacia las personas racializadas, por gente como vos me da vergÃ¼enza ser varon cis",Madrid
1646841188819906561,"Culpar a otrxs de lo que no querÃ©s asumir de vos mismx, es tan mala idea cÃ³mo hacer que todo estÃ¡ bien, cuando las emociones te estÃ¡n consumiendo por dentro. ğŸ™„",Madrid
1646657795268173826,"@javierornella @Apuntes_ @fgnunez @mesch @22xTJuan No sirve el ejemplo. Vos traccionas con los pies, un auto con las ruedas. El aviÃ³n lo hace con las turbinas.",Madrid
1646632890048954370,"@Nachiin__01 @ceciarmy Una especie de adiestramiento? Yo soy Instructora Canina y eso es maltrato, no educaciÃ³n. El Ãºnico haciendo el ridiculo aca sos vos.",Madrid
1646593206895759368,"@Pelinlc Un mÃ©dico muy desagradable me dijo una vez, tenes tres enemigos en la medicina uno el paciente, dos tus colegas y tres vos mismo.",Madrid
1646593064943734786,"Ndiomio, 3 semanas salimos, y fue un imbecil, y el si que el mÃ¡s afectado, ha ndopavei la ipedo mental de que yo fui SU EX. Amigo, en que momento piko yo fui tu novio? Nde tavy legalmente, encima, terapeuta? Vos ko no haces terapia, deja de mentirte que ojekuaa arupiete la trauma",Madrid
1646584008980004865,"@CachoWar @ciscopage TngmÃ¡s de 30 salas de cine a 10 minutos andando incluidas mÃ¡s de 15 en VOS. Un Lidl un Aldi un Mercadona un Carrefour grande y otro 24h y 4 pequeÃ±os, 3 DÃ­as. 
Bares no t quiero contar. 
Todo muy relativo si.  
Defiende la calidad de vida de las afueras de otra manera, q se puede",Madrid
1646510133059395584,@luisrodriguezrm De verdad mereces todo lo que pasa y agradece que en argentina  con inflaciÃ³n o sin inflaciÃ³n siempre hay un tejido polÃ­tico social que trata de hacer lo que puede con la manga de mierda de ciudadanos brutos que tiene. Por quÃ© si vos hoy estÃ¡s en eeuu vivÃ­s en la calle.,Madrid
1646395143354810370,"La frivolidad de las redes vos llegas a +7 millones de visualizaciones y nadie dice nada a pero pelas la polla y el culo y es una avalancha de msj y reacciones, cosa que jamÃ¡s podrÃ© entender ğŸ«¤",Madrid
1646394237422915585,@Montoya1960 @Gus_Noriega @abrosler No sÃ³lo orcos. Nunca falta quien argumenta â€œque harias vos si Xâ€.,Madrid
1646260753689718785,@yakko_ok @N3RI Yo entiendo esto mismo que vos.,Madrid
1646011523377111042,@timoratos @cosmeluichito Justamente los octÃ³gonos como estÃ¡n implementados no hacen esto. No tienen como referencia ninguna dieta estandarizada. Vos podes tener dos productos con distinto aporte calÃ³rico y que diga exceso de calorÃ­a en ambos.,Madrid
1645512168677298179,"Que placer poder estar con vos @cattaneo_hernan en Liverpool un lugar tan importante y presente en tu carrera .
Este aÃ±o llega Beplaying una serie mostrando el lado B de los mejores djs del mundo @disneyplusla  @StarPlusLA https://t.co/pmc2o1c6Kz",Madrid
1645434116312125440,"@kinjorp antes pusiste â€œy en tins?â€ supuse q quisiste poner jeans ( o pantalones vaqueros, no se como le dirÃ¡s vos)â€¦..",Madrid
1645422694169554944,@kinjorp a vos te quedarÃ­a pintado pero no creo q sea el lugar adecuado,Madrid
1651176982892167169,"Brother siempre he querido tener una compu como la que tengo ahora, y es tan satisfactorio (a pesar que me endeudÃ© como loco) la mejor inversiÃ³n siempre.",Madrid
1649090718173126656,"En el trabajo hay una compu que es re lenta y se utiliza solo para gestiÃ³n de ventas. La lentitud que tiene ese equipo es tremenda, lo odio",Madrid
1646895519778652162,Formateando mi compu blanca ğŸ‘‹ https://t.co/FsmwIbJkEh,Madrid
1646220997597462528,"CÃ³mo asÃ­ que hay academias de trabajo virtual? Eso se enseÃ±a? Yo nada mÃ¡s sÃ© que me siento frente a la compu, trabajo y listo. No tiene ciencia ğŸ¤”",Madrid
